first_name,last_name,email,phone_number,company_name,position
John,Test,john.test@example.com,+1234567890,Test Company,Manager
Jane,Duplicate,jane.duplicate@example.com,+1234567890,Duplicate Corp,Director
Bob,New,bob.new@example.com,+1999888777,New Company,CEO
Alice,Another,alice.another@example.com,+1555666777,Another Corp,CTO 